source_url,target_url,status_code,preserve_query_string,include_subdomains,subpath_matching,preserve_path_suffix
http://sonicbold.com/,https://www.sonicbold.com/,301,true,false,false,false
http://www.sonicbold.com/,https://www.sonicbold.com/,301,true,false,false,false
https://sonicbold.com/,https://www.sonicbold.com/,301,true,false,false,false
http://sonicbold.com/*,https://www.sonicbold.com/$1,301,true,false,true,false
http://www.sonicbold.com/*,https://www.sonicbold.com/$1,301,true,false,true,false
https://sonicbold.com/*,https://www.sonicbold.com/$1,301,true,false,true,false
https://www.sonicbold.com/blog.html,https://www.sonicbold.com/blog,301,true,false,false,false
https://www.sonicbold.com/blog-plumbing-missed-calls-lost-jobs.html,https://www.sonicbold.com/blog-plumbing-missed-calls-lost-jobs,301,true,false,false,false
https://www.sonicbold.com/blog-lsa-vs-search-ads-plumbers.html,https://www.sonicbold.com/blog-lsa-vs-search-ads-plumbers,301,true,false,false,false
https://www.sonicbold.com/blog-shared-leads-vs-exclusive-plumbing-leads.html,https://www.sonicbold.com/blog-shared-leads-vs-exclusive-plumbing-leads,301,true,false,false,false
https://www.sonicbold.com/blog-get-more-plumbing-leads.html,https://www.sonicbold.com/blog-get-more-plumbing-leads,301,true,false,false,false
https://www.sonicbold.com/blog-lsa-for-plumbers.html,https://www.sonicbold.com/blog-lsa-for-plumbers,301,true,false,false,false
https://www.sonicbold.com/google-ads-for-plumbers.html,https://www.sonicbold.com/google-ads-for-plumbers,301,true,false,false,false
https://www.sonicbold.com/local-services-ads-for-plumbers.html,https://www.sonicbold.com/local-services-ads-for-plumbers,301,true,false,false,false
https://www.sonicbold.com/plumbing-landing-pages.html,https://www.sonicbold.com/google-ads-for-plumbers,301,true,false,false,false
https://www.sonicbold.com/plumbing-web-design.html,https://www.sonicbold.com/plumbing-web-design,301,true,false,false,false
https://www.sonicbold.com/ai-receptionist-for-plumbers.html,https://www.sonicbold.com/ai-receptionist-for-plumbers,301,true,false,false,false
https://www.sonicbold.com/google-business-profile-for-plumbers.html,https://www.sonicbold.com/,301,true,false,false,false
https://www.sonicbold.com/plumbing-call-tracking.html,https://www.sonicbold.com/,301,true,false,false,false
https://www.sonicbold.com/blog-google-ads-budget-for-plumbers.html,https://www.sonicbold.com/blog-google-ads-budget-for-plumbers,301,true,false,false,false
https://www.sonicbold.com/blog-booked-job-tracking-for-plumbers.html,https://www.sonicbold.com/blog,301,true,false,false,false
https://www.sonicbold.com/blog-plumbing-ppc-landing-page-checklist.html,https://www.sonicbold.com/blog,301,true,false,false,false
https://www.sonicbold.com/privacy-policy.html,https://www.sonicbold.com/privacy-policy,301,true,false,false,false
https://www.sonicbold.com/terms.html,https://www.sonicbold.com/terms,301,true,false,false,false
https://sonicbold.com/blog.html,https://www.sonicbold.com/blog,301,true,false,false,false
https://sonicbold.com/blog,https://www.sonicbold.com/blog,301,true,false,false,false
http://sonicbold.com/blog.html,https://www.sonicbold.com/blog,301,true,false,false,false
http://sonicbold.com/blog,https://www.sonicbold.com/blog,301,true,false,false,false
http://www.sonicbold.com/blog.html,https://www.sonicbold.com/blog,301,true,false,false,false
http://www.sonicbold.com/blog,https://www.sonicbold.com/blog,301,true,false,false,false
https://sonicbold.com/blog-plumbing-missed-calls-lost-jobs.html,https://www.sonicbold.com/blog-plumbing-missed-calls-lost-jobs,301,true,false,false,false
https://sonicbold.com/blog-plumbing-missed-calls-lost-jobs,https://www.sonicbold.com/blog-plumbing-missed-calls-lost-jobs,301,true,false,false,false
http://sonicbold.com/blog-plumbing-missed-calls-lost-jobs.html,https://www.sonicbold.com/blog-plumbing-missed-calls-lost-jobs,301,true,false,false,false
http://sonicbold.com/blog-plumbing-missed-calls-lost-jobs,https://www.sonicbold.com/blog-plumbing-missed-calls-lost-jobs,301,true,false,false,false
http://www.sonicbold.com/blog-plumbing-missed-calls-lost-jobs.html,https://www.sonicbold.com/blog-plumbing-missed-calls-lost-jobs,301,true,false,false,false
http://www.sonicbold.com/blog-plumbing-missed-calls-lost-jobs,https://www.sonicbold.com/blog-plumbing-missed-calls-lost-jobs,301,true,false,false,false
https://sonicbold.com/blog-lsa-vs-search-ads-plumbers.html,https://www.sonicbold.com/blog-lsa-vs-search-ads-plumbers,301,true,false,false,false
https://sonicbold.com/blog-lsa-vs-search-ads-plumbers,https://www.sonicbold.com/blog-lsa-vs-search-ads-plumbers,301,true,false,false,false
http://sonicbold.com/blog-lsa-vs-search-ads-plumbers.html,https://www.sonicbold.com/blog-lsa-vs-search-ads-plumbers,301,true,false,false,false
http://sonicbold.com/blog-lsa-vs-search-ads-plumbers,https://www.sonicbold.com/blog-lsa-vs-search-ads-plumbers,301,true,false,false,false
http://www.sonicbold.com/blog-lsa-vs-search-ads-plumbers.html,https://www.sonicbold.com/blog-lsa-vs-search-ads-plumbers,301,true,false,false,false
http://www.sonicbold.com/blog-lsa-vs-search-ads-plumbers,https://www.sonicbold.com/blog-lsa-vs-search-ads-plumbers,301,true,false,false,false
https://sonicbold.com/blog-shared-leads-vs-exclusive-plumbing-leads.html,https://www.sonicbold.com/blog-shared-leads-vs-exclusive-plumbing-leads,301,true,false,false,false
https://sonicbold.com/blog-shared-leads-vs-exclusive-plumbing-leads,https://www.sonicbold.com/blog-shared-leads-vs-exclusive-plumbing-leads,301,true,false,false,false
http://sonicbold.com/blog-shared-leads-vs-exclusive-plumbing-leads.html,https://www.sonicbold.com/blog-shared-leads-vs-exclusive-plumbing-leads,301,true,false,false,false
http://sonicbold.com/blog-shared-leads-vs-exclusive-plumbing-leads,https://www.sonicbold.com/blog-shared-leads-vs-exclusive-plumbing-leads,301,true,false,false,false
http://www.sonicbold.com/blog-shared-leads-vs-exclusive-plumbing-leads.html,https://www.sonicbold.com/blog-shared-leads-vs-exclusive-plumbing-leads,301,true,false,false,false
http://www.sonicbold.com/blog-shared-leads-vs-exclusive-plumbing-leads,https://www.sonicbold.com/blog-shared-leads-vs-exclusive-plumbing-leads,301,true,false,false,false
https://sonicbold.com/blog-get-more-plumbing-leads.html,https://www.sonicbold.com/blog-get-more-plumbing-leads,301,true,false,false,false
https://sonicbold.com/blog-get-more-plumbing-leads,https://www.sonicbold.com/blog-get-more-plumbing-leads,301,true,false,false,false
http://sonicbold.com/blog-get-more-plumbing-leads.html,https://www.sonicbold.com/blog-get-more-plumbing-leads,301,true,false,false,false
http://sonicbold.com/blog-get-more-plumbing-leads,https://www.sonicbold.com/blog-get-more-plumbing-leads,301,true,false,false,false
http://www.sonicbold.com/blog-get-more-plumbing-leads.html,https://www.sonicbold.com/blog-get-more-plumbing-leads,301,true,false,false,false
http://www.sonicbold.com/blog-get-more-plumbing-leads,https://www.sonicbold.com/blog-get-more-plumbing-leads,301,true,false,false,false
https://sonicbold.com/blog-lsa-for-plumbers.html,https://www.sonicbold.com/blog-lsa-for-plumbers,301,true,false,false,false
https://sonicbold.com/blog-lsa-for-plumbers,https://www.sonicbold.com/blog-lsa-for-plumbers,301,true,false,false,false
http://sonicbold.com/blog-lsa-for-plumbers.html,https://www.sonicbold.com/blog-lsa-for-plumbers,301,true,false,false,false
http://sonicbold.com/blog-lsa-for-plumbers,https://www.sonicbold.com/blog-lsa-for-plumbers,301,true,false,false,false
http://www.sonicbold.com/blog-lsa-for-plumbers.html,https://www.sonicbold.com/blog-lsa-for-plumbers,301,true,false,false,false
http://www.sonicbold.com/blog-lsa-for-plumbers,https://www.sonicbold.com/blog-lsa-for-plumbers,301,true,false,false,false
https://sonicbold.com/google-ads-for-plumbers.html,https://www.sonicbold.com/google-ads-for-plumbers,301,true,false,false,false
https://sonicbold.com/google-ads-for-plumbers,https://www.sonicbold.com/google-ads-for-plumbers,301,true,false,false,false
http://sonicbold.com/google-ads-for-plumbers.html,https://www.sonicbold.com/google-ads-for-plumbers,301,true,false,false,false
http://sonicbold.com/google-ads-for-plumbers,https://www.sonicbold.com/google-ads-for-plumbers,301,true,false,false,false
http://www.sonicbold.com/google-ads-for-plumbers.html,https://www.sonicbold.com/google-ads-for-plumbers,301,true,false,false,false
http://www.sonicbold.com/google-ads-for-plumbers,https://www.sonicbold.com/google-ads-for-plumbers,301,true,false,false,false
https://sonicbold.com/local-services-ads-for-plumbers.html,https://www.sonicbold.com/local-services-ads-for-plumbers,301,true,false,false,false
https://sonicbold.com/local-services-ads-for-plumbers,https://www.sonicbold.com/local-services-ads-for-plumbers,301,true,false,false,false
http://sonicbold.com/local-services-ads-for-plumbers.html,https://www.sonicbold.com/local-services-ads-for-plumbers,301,true,false,false,false
http://sonicbold.com/local-services-ads-for-plumbers,https://www.sonicbold.com/local-services-ads-for-plumbers,301,true,false,false,false
http://www.sonicbold.com/local-services-ads-for-plumbers.html,https://www.sonicbold.com/local-services-ads-for-plumbers,301,true,false,false,false
http://www.sonicbold.com/local-services-ads-for-plumbers,https://www.sonicbold.com/local-services-ads-for-plumbers,301,true,false,false,false
https://sonicbold.com/plumbing-landing-pages.html,https://www.sonicbold.com/google-ads-for-plumbers,301,true,false,false,false
https://sonicbold.com/plumbing-landing-pages,https://www.sonicbold.com/google-ads-for-plumbers,301,true,false,false,false
http://sonicbold.com/plumbing-landing-pages.html,https://www.sonicbold.com/google-ads-for-plumbers,301,true,false,false,false
http://sonicbold.com/plumbing-landing-pages,https://www.sonicbold.com/google-ads-for-plumbers,301,true,false,false,false
http://www.sonicbold.com/plumbing-landing-pages.html,https://www.sonicbold.com/google-ads-for-plumbers,301,true,false,false,false
http://www.sonicbold.com/plumbing-landing-pages,https://www.sonicbold.com/google-ads-for-plumbers,301,true,false,false,false
https://sonicbold.com/plumbing-web-design.html,https://www.sonicbold.com/plumbing-web-design,301,true,false,false,false
https://sonicbold.com/plumbing-web-design,https://www.sonicbold.com/plumbing-web-design,301,true,false,false,false
http://sonicbold.com/plumbing-web-design.html,https://www.sonicbold.com/plumbing-web-design,301,true,false,false,false
http://sonicbold.com/plumbing-web-design,https://www.sonicbold.com/plumbing-web-design,301,true,false,false,false
http://www.sonicbold.com/plumbing-web-design.html,https://www.sonicbold.com/plumbing-web-design,301,true,false,false,false
http://www.sonicbold.com/plumbing-web-design,https://www.sonicbold.com/plumbing-web-design,301,true,false,false,false
https://sonicbold.com/ai-receptionist-for-plumbers.html,https://www.sonicbold.com/ai-receptionist-for-plumbers,301,true,false,false,false
https://sonicbold.com/ai-receptionist-for-plumbers,https://www.sonicbold.com/ai-receptionist-for-plumbers,301,true,false,false,false
http://sonicbold.com/ai-receptionist-for-plumbers.html,https://www.sonicbold.com/ai-receptionist-for-plumbers,301,true,false,false,false
http://sonicbold.com/ai-receptionist-for-plumbers,https://www.sonicbold.com/ai-receptionist-for-plumbers,301,true,false,false,false
http://www.sonicbold.com/ai-receptionist-for-plumbers.html,https://www.sonicbold.com/ai-receptionist-for-plumbers,301,true,false,false,false
http://www.sonicbold.com/ai-receptionist-for-plumbers,https://www.sonicbold.com/ai-receptionist-for-plumbers,301,true,false,false,false
https://sonicbold.com/google-business-profile-for-plumbers.html,https://www.sonicbold.com/,301,true,false,false,false
https://sonicbold.com/google-business-profile-for-plumbers,https://www.sonicbold.com/,301,true,false,false,false
http://sonicbold.com/google-business-profile-for-plumbers.html,https://www.sonicbold.com/,301,true,false,false,false
http://sonicbold.com/google-business-profile-for-plumbers,https://www.sonicbold.com/,301,true,false,false,false
http://www.sonicbold.com/google-business-profile-for-plumbers.html,https://www.sonicbold.com/,301,true,false,false,false
http://www.sonicbold.com/google-business-profile-for-plumbers,https://www.sonicbold.com/,301,true,false,false,false
https://sonicbold.com/plumbing-call-tracking.html,https://www.sonicbold.com/,301,true,false,false,false
https://sonicbold.com/plumbing-call-tracking,https://www.sonicbold.com/,301,true,false,false,false
http://sonicbold.com/plumbing-call-tracking.html,https://www.sonicbold.com/,301,true,false,false,false
http://sonicbold.com/plumbing-call-tracking,https://www.sonicbold.com/,301,true,false,false,false
http://www.sonicbold.com/plumbing-call-tracking.html,https://www.sonicbold.com/,301,true,false,false,false
http://www.sonicbold.com/plumbing-call-tracking,https://www.sonicbold.com/,301,true,false,false,false
https://sonicbold.com/blog-google-ads-budget-for-plumbers.html,https://www.sonicbold.com/blog-google-ads-budget-for-plumbers,301,true,false,false,false
https://sonicbold.com/blog-google-ads-budget-for-plumbers,https://www.sonicbold.com/blog-google-ads-budget-for-plumbers,301,true,false,false,false
http://sonicbold.com/blog-google-ads-budget-for-plumbers.html,https://www.sonicbold.com/blog-google-ads-budget-for-plumbers,301,true,false,false,false
http://sonicbold.com/blog-google-ads-budget-for-plumbers,https://www.sonicbold.com/blog-google-ads-budget-for-plumbers,301,true,false,false,false
http://www.sonicbold.com/blog-google-ads-budget-for-plumbers.html,https://www.sonicbold.com/blog-google-ads-budget-for-plumbers,301,true,false,false,false
http://www.sonicbold.com/blog-google-ads-budget-for-plumbers,https://www.sonicbold.com/blog-google-ads-budget-for-plumbers,301,true,false,false,false
https://sonicbold.com/blog-booked-job-tracking-for-plumbers.html,https://www.sonicbold.com/blog,301,true,false,false,false
https://sonicbold.com/blog-booked-job-tracking-for-plumbers,https://www.sonicbold.com/blog,301,true,false,false,false
http://sonicbold.com/blog-booked-job-tracking-for-plumbers.html,https://www.sonicbold.com/blog,301,true,false,false,false
http://sonicbold.com/blog-booked-job-tracking-for-plumbers,https://www.sonicbold.com/blog,301,true,false,false,false
http://www.sonicbold.com/blog-booked-job-tracking-for-plumbers.html,https://www.sonicbold.com/blog,301,true,false,false,false
http://www.sonicbold.com/blog-booked-job-tracking-for-plumbers,https://www.sonicbold.com/blog,301,true,false,false,false
https://sonicbold.com/blog-plumbing-ppc-landing-page-checklist.html,https://www.sonicbold.com/blog,301,true,false,false,false
https://sonicbold.com/blog-plumbing-ppc-landing-page-checklist,https://www.sonicbold.com/blog,301,true,false,false,false
http://sonicbold.com/blog-plumbing-ppc-landing-page-checklist.html,https://www.sonicbold.com/blog,301,true,false,false,false
http://sonicbold.com/blog-plumbing-ppc-landing-page-checklist,https://www.sonicbold.com/blog,301,true,false,false,false
http://www.sonicbold.com/blog-plumbing-ppc-landing-page-checklist.html,https://www.sonicbold.com/blog,301,true,false,false,false
http://www.sonicbold.com/blog-plumbing-ppc-landing-page-checklist,https://www.sonicbold.com/blog,301,true,false,false,false
https://sonicbold.com/privacy-policy.html,https://www.sonicbold.com/privacy-policy,301,true,false,false,false
https://sonicbold.com/privacy-policy,https://www.sonicbold.com/privacy-policy,301,true,false,false,false
http://sonicbold.com/privacy-policy.html,https://www.sonicbold.com/privacy-policy,301,true,false,false,false
http://sonicbold.com/privacy-policy,https://www.sonicbold.com/privacy-policy,301,true,false,false,false
http://www.sonicbold.com/privacy-policy.html,https://www.sonicbold.com/privacy-policy,301,true,false,false,false
http://www.sonicbold.com/privacy-policy,https://www.sonicbold.com/privacy-policy,301,true,false,false,false
https://sonicbold.com/terms.html,https://www.sonicbold.com/terms,301,true,false,false,false
https://sonicbold.com/terms,https://www.sonicbold.com/terms,301,true,false,false,false
http://sonicbold.com/terms.html,https://www.sonicbold.com/terms,301,true,false,false,false
http://sonicbold.com/terms,https://www.sonicbold.com/terms,301,true,false,false,false
http://www.sonicbold.com/terms.html,https://www.sonicbold.com/terms,301,true,false,false,false
http://www.sonicbold.com/terms,https://www.sonicbold.com/terms,301,true,false,false,false
https://www.sonicbold.com/about.html,https://www.sonicbold.com/about,301,true,false,false,false
https://sonicbold.com/about.html,https://www.sonicbold.com/about,301,true,false,false,false
https://sonicbold.com/about,https://www.sonicbold.com/about,301,true,false,false,false
http://sonicbold.com/about.html,https://www.sonicbold.com/about,301,true,false,false,false
http://sonicbold.com/about,https://www.sonicbold.com/about,301,true,false,false,false
http://www.sonicbold.com/about.html,https://www.sonicbold.com/about,301,true,false,false,false
http://www.sonicbold.com/about,https://www.sonicbold.com/about,301,true,false,false,false
https://www.sonicbold.com/contact.html,https://www.sonicbold.com/contact,301,true,false,false,false
https://sonicbold.com/contact.html,https://www.sonicbold.com/contact,301,true,false,false,false
https://sonicbold.com/contact,https://www.sonicbold.com/contact,301,true,false,false,false
http://sonicbold.com/contact.html,https://www.sonicbold.com/contact,301,true,false,false,false
http://sonicbold.com/contact,https://www.sonicbold.com/contact,301,true,false,false,false
http://www.sonicbold.com/contact.html,https://www.sonicbold.com/contact,301,true,false,false,false
http://www.sonicbold.com/contact,https://www.sonicbold.com/contact,301,true,false,false,false
https://www.sonicbold.com/favicon.ico,https://www.sonicbold.com/favicon.png,301,true,false,false,false
https://sonicbold.com/favicon.ico,https://www.sonicbold.com/favicon.png,301,true,false,false,false
http://www.sonicbold.com/favicon.ico,https://www.sonicbold.com/favicon.png,301,true,false,false,false
http://sonicbold.com/favicon.ico,https://www.sonicbold.com/favicon.png,301,true,false,false,false
https://www.sonicbold.com/privacy,https://www.sonicbold.com/privacy-policy,301,true,false,false,false
https://sonicbold.com/privacy,https://www.sonicbold.com/privacy-policy,301,true,false,false,false
http://sonicbold.com/privacy,https://www.sonicbold.com/privacy-policy,301,true,false,false,false
http://www.sonicbold.com/privacy,https://www.sonicbold.com/privacy-policy,301,true,false,false,false
https://www.sonicbold.com/terms-of-service,https://www.sonicbold.com/terms,301,true,false,false,false
https://sonicbold.com/terms-of-service,https://www.sonicbold.com/terms,301,true,false,false,false
http://sonicbold.com/terms-of-service,https://www.sonicbold.com/terms,301,true,false,false,false
http://www.sonicbold.com/terms-of-service,https://www.sonicbold.com/terms,301,true,false,false,false
